NISCODE,Area_m2,Area_ha,Area_km2,Area_hab_m2_bebouwd,Area_hab_m2_bos,Area_hab_m2_grasland,Area_hab_m2_landbouw,Area_hab_m2_water,Area_hab_m2_andere,Area_hab_ha_bebouwd,Area_hab_ha_bos,Area_hab_ha_grasland,Area_hab_ha_landbouw,Area_hab_ha_water,Area_hab_ha_andere,Area_hab_km2_bebouwd,Area_hab_km2_bos,Area_hab_km2_grasland,Area_hab_km2_landbouw,Area_hab_km2_water,Area_hab_km2_andere,perc_bos,perc_water,perc_landbouw,perc_grasland,perc_bebouwd,perc_andere
2000,13624427821.0022,1362442.78210022,13624.4278210022,3568856456.21432,1352098713.35377,1227211303.98915,7241195574.13202,220348315.929363,14717850.039336,356885.645621432,135209.871335377,122721.130398915,724119.557413202,22034.8315929363,1471.7850039336,3568.85645621432,1352.09871335377,1227.21130398915,7241.19557413202,220.348315929363,14.717850039336,0.099240770410153,0.016173032645796,0.531486215000505,0.090074337073986,0.261945419147283,0.00108025454226
