NISCODE,Area_m2,Area_ha,Area_km2,Area_hab_m2_bebouwd,Area_hab_m2_bos,Area_hab_m2_grasland,Area_hab_m2_landbouw,Area_hab_m2_water,Area_hab_m2_andere,Area_hab_ha_bebouwd,Area_hab_ha_bos,Area_hab_ha_grasland,Area_hab_ha_landbouw,Area_hab_ha_water,Area_hab_ha_andere,Area_hab_km2_bebouwd,Area_hab_km2_bos,Area_hab_km2_grasland,Area_hab_km2_landbouw,Area_hab_km2_water,Area_hab_km2_andere,perc_bos,perc_water,perc_landbouw,perc_grasland,perc_bebouwd,perc_andere
02000,13628604131.853973,1362860.4131853974,13628.604131853972,3569296097.917783,1352410231.4750261,1227529493.462267,7243917043.849166,220731001.21792534,14720263.931806564,356929.6097917783,135241.02314750262,122752.9493462267,724391.7043849167,22073.100121792533,1472.0263931806564,3569.2960979177824,1352.4102314750262,1227.5294934622668,7243.917043849166,220.73100121792532,14.720263931806564,0.09923321701846588,0.01619615619342948,0.5315230359445282,0.09007008212918717,0.2618974080827038,0.0010801006316854614
