Area_m2,Area_ha,Area_km2,Area_hab_m2_bebouwd,Area_hab_m2_bos,Area_hab_m2_grasland,Area_hab_m2_landbouw,Area_hab_m2_water,Area_hab_m2_andere,Area_hab_ha_bebouwd,Area_hab_ha_bos,Area_hab_ha_grasland,Area_hab_ha_landbouw,Area_hab_ha_water,Area_hab_ha_andere,Area_hab_km2_bebouwd,Area_hab_km2_bos,Area_hab_km2_grasland,Area_hab_km2_landbouw,Area_hab_km2_water,Area_hab_km2_andere,perc_bos,perc_water,perc_landbouw,perc_grasland,perc_bebouwd,perc_andere,NISCODE
13624427821.002178,1362442.7821002179,13624.427821002177,3568856456.214318,1352098713.3537712,1227211303.9891465,7241195574.132023,220348315.92936304,14717850.039336026,356885.6456214318,135209.87133537713,122721.13039891465,724119.5574132024,22034.831592936305,1471.7850039336026,3568.856456214318,1352.098713353771,1227.2113039891465,7241.195574132023,220.34831592936303,14.717850039336025,0.09924077041015249,0.01617303264579626,0.5314862150005049,0.09007433707398627,0.2619454191472829,0.0010802545422603602,02000
